{
  "val_mae_svm": 22.99394989013672,
  "val_mae_mlp": 21.593856811523438,
  "val_mae_fusion": 21.290414810180664,
  "val_acc_\u00b112m_svm": 0.34,
  "val_acc_\u00b124m_svm": 0.6213333333333333,
  "val_acc_\u00b112m_mlp": 0.384,
  "val_acc_\u00b124m_mlp": 0.6506666666666666,
  "val_acc_\u00b112m_fusion": 0.38,
  "val_acc_\u00b124m_fusion": 0.6413333333333333,
  "fusion_weights": {
    "w_svm": 0.6458332462218956,
    "w_mlp": 0.4958966282209516,
    "bias": -18.079114520817093
  },
  "split": {
    "test_size": 0.15,
    "seed": 42
  },
  "img_size": 256
}